NDAQ/RTAT10,NDAQ/RTAT,,,,,,,,,,,,,,,
EVEST/ALL,EVEST/CONS,EVEST/FIRM,EVEST/REL,EVEST/RELK,EVEST/ROS,EVEST/MAND,EVEST/MANDH,EVEST/MANDP,EVEST/RAT,EVEST/PLAN,EVEST/DALL,EVEST/SER,EVEST/DROS,EVEST/CNTS,EVEST/DOCUMENTS,
EVEST/ALL,EVEST/FIRM,EVEST/ROS,EVEST/MAND,EVEST/MANDH,EVEST/MANDP,EVEST/RAT,EVEST/PLAN,EVEST/DALL,EVEST/SER,EVEST/CNTS,EVEST/DOCUMENTS,EVEST/AD,EVEST/RET,EVEST/RETPF,EVEST/RETOS,EVEST/FAF
,,,,,,,,,,,,,,,,
EVEST/ASF,,,,,,,,,,,,,,,,
,,,,,,,,,,,,,,,,
,,,,,,,,,,,,,,,,
,,,,,,,,,,,,,,,,
,,,,,,,,,,,,,,,,
,,,,,,,,,,,,,,,,
,,,,,,,,,,,,,,,,
,,,,,,,,,,,,,,,,
WVB/WC,WVB/CA,WVB/CSIC,WVB/CPNU,WVB/CAD,WVB/WCS,WVB/CPR,WVB/CAN,WVB/ES,WVB/MS,WVB/SO,WVB/WCOT,,,,,
WVB/BTWC,WVB/BTCA,WVB/BTCSIC,WVB/BTCPNU,WVB/BTCAD,WVB/BTWCS,WVB/BTCPR,WVB/BTCAN,WVB/BTES,WVB/BTMS,WVB/BTSO,WVB/BTWCGSR,WVB/BTWCBSR,WVB/BTCPD,,,
,,,,,,,,,,,,,,,,
,,,,,,,,,,,,,,,,
,,,,,,,,,,,,,,,,
ETFG/CONST,ETFG/CONSTN,,,,,,,,,,,,,,,
ETFG/CONSTCA,,,,,,,,,,,,,,,,
EDI/PITSRF,EDI/PITSTY,,,,,,,,,,,,,,,
,,,,,,,,,,,,,,,,
,,,,,,,,,,,,,,,,
,,,,,,,,,,,,,,,,
,,,,,,,,,,,,,,,,
,,,,,,,,,,,,,,,,
,,,,,,,,,,,,,,,,
,,,,,,,,,,,,,,,,
,,,,,,,,,,,,,,,,
,,,,,,,,,,,,,,,,
TIPRANKS/COIT,,,,,,,,,,,,,,,,
ORATS/VOL,,,,,,,,,,,,,,,,
ORATS/OSMV,,,,,,,,,,,,,,,,
EDI/NAAP,EDI/NAAF,,,,,,,,,,,,,,,
EDI/EUAP,EDI/EUAF,,,,,,,,,,,,,,,
EDI/ASAP,EDI/ASAF,,,,,,,,,,,,,,,
QDL/ODA,QDL/OPEC,,,,,,,,,,,,,,,
QDL/FON,QDL/LFON,QDL/FCR,QDL/CITS,,,,,,,,,,,,,
,,,,,,,,,,,,,,,,
QDL/JODI,,,,,,,,,,,,,,,,
,,,,,,,,,,,,,,,,
QDL/BITFINEX,,,,,,,,,,,,,,,,
,,,,,,,,,,,,,,,,
QDL/BCHAIN,,,,,,,,,,,,,,,,
ICI/ICI4,,,,,,,,,,,,,,,,
QDL/LME,ZILLOW/DATA,WASDE/DATA,WB/DATA,,,,,,,,,,,,,
ICI/ICI3,,,,,,,,,,,,,,,,
ICI/ICI2,,,,,,,,,,,,,,,,
QUANTCHA/VOL,,,,,,,,,,,,,,,,
ICI/ICI1,,,,,,,,,,,,,,,,
QUANTCHA/QRM,,,,,,,,,,,,,,,,
VOLX/RVOL,,,,,,,,,,,,,,,,
QUANTCHA/QOR,,,,,,,,,,,,,,,,
QUANTCHA/QOA,,,,,,,,,,,,,,,,
,,,,,,,,,,,,,,,,
,,,,,,,,,,,,,,,,
,,,,,,,,,,,,,,,,
BC/LFE,BC/FUT,,,,,,,,,,,,,,,
BC/IW,BC/IND,,,,,,,,,,,,,,,
EDI/CUR,,,,,,,,,,,,,,,,
,,,,,,,,,,,,,,,,
EQA/EA1,,,,,,,,,,,,,,,,
BC/IO,BC/IND,,,,,,,,,,,,,,,
,,,,,,,,,,,,,,,,
BC/ICEC,BC/FUT,,,,,,,,,,,,,,,
BC/ICE,BC/FUT,,,,,,,,,,,,,,,
BENZ/LOGOS,BENZ/SECURITIES,,,,,,,,,,,,,,,
,,,,,,,,,,,,,,,,
TRI/OVGL,TRI/CONSGL,,,,,,,,,,,,,,,
,,,,,,,,,,,,,,,,
TRI/REF,TRI/FA,TRI/RR,TRI/ESGR,TRI/ESGE,TRI/CE,TRI/SE,TRI/PERF,TRI/RAW,TRI/CONS,,,,,,,
NDAQ/IRP,,,,,,,,,,,,,,,,
NDAQ/IAD,,,,,,,,,,,,,,,,
NDAQ/IAA,,,,,,,,,,,,,,,,
AIER/AET,,,,,,,,,,,,,,,,
,,,,,,,,,,,,,,,,
AIER/AES,,,,,,,,,,,,,,,,
,,,,,,,,,,,,,,,,
,,,,,,,,,,,,,,,,
,,,,,,,,,,,,,,,,
,,,,,,,,,,,,,,,,
,,,,,,,,,,,,,,,,
THEA/TIICB,,,,,,,,,,,,,,,,
NDAQ/EIV,NDAQ/IA,NDAQ/IC,,,,,,,,,,,,,,
,,,,,,,,,,,,,,,,
,,,,,,,,,,,,,,,,
THEA/ETFTE,,,,,,,,,,,,,,,,
,,,,,,,,,,,,,,,,
,,,,,,,,,,,,,,,,
,,,,,,,,,,,,,,,,
,,,,,,,,,,,,,,,,
DY/SPA,,,,,,,,,,,,,,,,
AS/INDU,,,,,,,,,,,,,,,,
,,,,,,,,,,,,,,,,
,,,,,,,,,,,,,,,,
,,,,,,,,,,,,,,,,
,,,,,,,,,,,,,,,,
,,,,,,,,,,,,,,,,
,,,,,,,,,,,,,,,,
,,,,,,,,,,,,,,,,
,,,,,,,,,,,,,,,,
,,,,,,,,,,,,,,,,
,,,,,,,,,,,,,,,,
,,,,,,,,,,,,,,,,
,,,,,,,,,,,,,,,,
,,,,,,,,,,,,,,,,
,,,,,,,,,,,,,,,,
,,,,,,,,,,,,,,,,
,,,,,,,,,,,,,,,,
,,,,,,,,,,,,,,,,
,,,,,,,,,,,,,,,,
,,,,,,,,,,,,,,,,
,,,,,,,,,,,,,,,,
,,,,,,,,,,,,,,,,
,,,,,,,,,,,,,,,,
,,,,,,,,,,,,,,,,
,,,,,,,,,,,,,,,,
,,,,,,,,,,,,,,,,
,,,,,,,,,,,,,,,,
,,,,,,,,,,,,,,,,
,,,,,,,,,,,,,,,,
,,,,,,,,,,,,,,,,
EVEST/CFIRM,EVEST/FSC,EVEST/KPER,EVEST/PRO,EVEST/PER,EVEST/REG,EVEST/CAL,EVEST/PRF,EVEST/UVR,EVEST/UVRG,EVEST/VH,,,,,,
EVEST/TAC,EVEST/IAC,EVEST/QTC,,,,,,,,,,,,,,
EVEST/VIEW,,,,,,,,,,,,,,,,
,,,,,,,,,,,,,,,,
,,,,,,,,,,,,,,,,
NDAQ/TSOTC,,,,,,,,,,,,,,,,
NDAQ/TS,NDAQ/TSOTC,,,,,,,,,,,,,,,
BIC/IR,BIC/S,,,,,,,,,,,,,,,
NDLDA/OBSNAPS,NDLDA/OBUPDATES,,,,,,,,,,,,,,,
NDLDA/BBO,,,,,,,,,,,,,,,,
NDLDA/TRADES,,,,,,,,,,,,,,,,
TIPRANKS/RFA,,,,,,,,,,,,,,,,
TIPRANKS/ARPT,,,,,,,,,,,,,,,,
THEA/MFTC,,,,,,,,,,,,,,,,
,,,,,,,,,,,,,,,,
,,,,,,,,,,,,,,,,
,,,,,,,,,,,,,,,,
,,,,,,,,,,,,,,,,
,,,,,,,,,,,,,,,,
,,,,,,,,,,,,,,,,
,,,,,,,,,,,,,,,,
,,,,,,,,,,,,,,,,
,,,,,,,,,,,,,,,,
,,,,,,,,,,,,,,,,
,,,,,,,,,,,,,,,,
,,,,,,,,,,,,,,,,
,,,,,,,,,,,,,,,,
,,,,,,,,,,,,,,,,
,,,,,,,,,,,,,,,,
,,,,,,,,,,,,,,,,
,,,,,,,,,,,,,,,,
,,,,,,,,,,,,,,,,
,,,,,,,,,,,,,,,,
,,,,,,,,,,,,,,,,
,,,,,,,,,,,,,,,,
,,,,,,,,,,,,,,,,
,,,,,,,,,,,,,,,,
,,,,,,,,,,,,,,,,
,,,,,,,,,,,,,,,,
,,,,,,,,,,,,,,,,
,,,,,,,,,,,,,,,,
,,,,,,,,,,,,,,,,
,,,,,,,,,,,,,,,,
,,,,,,,,,,,,,,,,
,,,,,,,,,,,,,,,,
DY/CEEA,DY/CEFA,,,,,,,,,,,,,,,
DY/SMA,,,,,,,,,,,,,,,,
,,,,,,,,,,,,,,,,
,,,,,,,,,,,,,,,,
,,,,,,,,,,,,,,,,
,,,,,,,,,,,,,,,,
,,,,,,,,,,,,,,,,
DY/SPA,,,,,,,,,,,,,,,,
DY/MIA,,,,,,,,,,,,,,,,
DY/FDEQU,DY/CASHR,DY/CAREF,DY/CAIPO,DY/CADIV,DY/CAAL,DY/CADRET,DY/CASHRC,,,,,,,,,
DY/EQ1A,DY/EQ2A,,,,,,,,,,,,,,,
,,,,,,,,,,,,,,,,
,,,,,,,,,,,,,,,,
,,,,,,,,,,,,,,,,
,,,,,,,,,,,,,,,,
AS/TRAN,,,,,,,,,,,,,,,,
AS/N100,,,,,,,,,,,,,,,,
